<Schema name="bike_sales">
  <Dimension type="TimeDimension" visible="true" highCardinality="false" name="Date">
    <Hierarchy name="Days" visible="true" hasAll="true" primaryKey="Date">
      <Table name="dm_time">
      </Table>
      <Level name="Year" visible="true" column="CalendarYear" type="String" uniqueMembers="false" levelType="TimeYears" hideMemberIf="Never">
      </Level>
      <Level name="Month" visible="true" column="MonthNumberofYear" type="String" uniqueMembers="false" levelType="TimeMonths" hideMemberIf="Never">
      </Level>
      <Level name="Day" visible="true" column="DayNumberofMonth" type="String" uniqueMembers="false" levelType="TimeDays" hideMemberIf="Never">
      </Level>
    </Hierarchy>
  </Dimension>
  <Dimension type="StandardDimension" visible="true" highCardinality="false" name="Location">
    <Hierarchy name="Areas" visible="true" hasAll="true" primaryKey="AddressID">
      <Table name="dm_location">
      </Table>
      <Level name="CountryRegion" visible="true" column="CountryRegion" type="String" uniqueMembers="false" levelType="Regular" hideMemberIf="Never">
      </Level>
      <Level name="State" visible="true" column="StateProvince" type="String" uniqueMembers="false" levelType="Regular" hideMemberIf="Never">
      </Level>
      <Level name="City" visible="true" column="City" type="String" uniqueMembers="false" levelType="Regular" hideMemberIf="Never">
      </Level>
    </Hierarchy>
  </Dimension>
  <Dimension type="StandardDimension" visible="true" highCardinality="false" name="Product">
    <Hierarchy name="ProductCategory" visible="true" hasAll="true" primaryKey="ProductID">
      <Table name="dm_product">
      </Table>
      <Level name="TopCategory" visible="true" column="ProductTopCategory" type="String" uniqueMembers="false" levelType="Regular" hideMemberIf="Never">
      </Level>
      <Level name="SubCategory" visible="true" column="ProductSubCategory" type="String" uniqueMembers="false" levelType="Regular" hideMemberIf="Never">
      </Level>
    </Hierarchy>
    <Hierarchy name="Name" visible="true" hasAll="true" primaryKey="ProductID">
      <Table name="dm_product">
      </Table>
      <Level name="Name" visible="true" column="Name" type="String" uniqueMembers="false" levelType="Regular" hideMemberIf="Never">
      </Level>
    </Hierarchy>
  </Dimension>
  <Dimension type="StandardDimension" visible="true" highCardinality="false" name="Customer">
    <Hierarchy name="Age" visible="true" hasAll="true" primaryKey="CustomerID">
      <Table name="dm_customer">
      </Table>
      <Level name="Age" visible="true" column="Age" type="String" uniqueMembers="false" levelType="Regular" hideMemberIf="Never">
      </Level>
    </Hierarchy>
    <Hierarchy name="Gender" visible="true" hasAll="true" primaryKey="CustomerID">
      <Table name="dm_customer">
      </Table>
      <Level name="Gender" visible="true" column="Gender" type="String" uniqueMembers="false" levelType="Regular" hideMemberIf="Never">
      </Level>
    </Hierarchy>
    <Hierarchy name="Name" visible="true" hasAll="true" primaryKey="CustomerID">
      <Table name="dm_customer">
      </Table>
      <Level name="Name" visible="true" column="Name" type="String" uniqueMembers="false" levelType="Regular" hideMemberIf="Never">
      </Level>
    </Hierarchy>
  </Dimension>
  <Cube name="bike_sales" visible="true" cache="true" enabled="true">
    <Table name="dm_factsales">
    </Table>
    <DimensionUsage source="Customer" name="Customer" visible="true" foreignKey="CustomerID" highCardinality="false">
    </DimensionUsage>
    <DimensionUsage source="Product" name="Product" visible="true" foreignKey="ProductID" highCardinality="false">
    </DimensionUsage>
    <DimensionUsage source="Location" name="ShippedTo" visible="true" foreignKey="ShipToAddressID" highCardinality="false">
    </DimensionUsage>
    <DimensionUsage source="Location" name="BilledTo" visible="true" foreignKey="BillToAddressID" highCardinality="false">
    </DimensionUsage>
    <DimensionUsage source="Date" name="ShipDate" visible="true" foreignKey="ShipDate" highCardinality="false">
    </DimensionUsage>
    <DimensionUsage source="Date" name="OrderDate" visible="true" foreignKey="OrderDate" highCardinality="false">
    </DimensionUsage>
    <Measure name="Profit" column="OrderLineProfit" formatString="#.00" aggregator="sum" visible="true">
    </Measure>
    <Measure name="Revenue" column="OrderLineTotal" formatString="#.00" aggregator="sum" visible="true">
    </Measure>
    <Measure name="Quantity" column="OrderQuantity" aggregator="distinct-count" visible="true">
    </Measure>
    <Measure name="Discount" column="Discount" formatString="#.00" aggregator="sum" visible="true">
    </Measure>
    <Measure name="FreightCost" column="OrderLineFreightCost" formatString="#.00" aggregator="sum" visible="true">
    </Measure>
    <Measure name="TaxAmount" column="TaxAmount" formatString="#.00" aggregator="sum" visible="true">
    </Measure>
    <Measure name="IsLateShipment" column="IsLateShipment" aggregator="max" visible="true">
    </Measure>
  </Cube>
</Schema>
